source_row,term,source_annotation,part_of_speech,source_comment,engine_tier,default_weight,standalone_flag,interpretation,source
1,accentuates,style,verb,,high_cluster_marker,1.0,False,Corpus-associated marker only; never infer authorship from this term alone.,"Kobak et al., Science Advances 2025, supplementary repository excess_words.csv"
3,achieving,style,verb,,corpus_monitoring_only,0.1,False,Corpus-associated marker only; never infer authorship from this term alone.,"Kobak et al., Science Advances 2025, supplementary repository excess_words.csv"
4,acknowledges,style,verb,,corpus_monitoring_only,0.1,False,Corpus-associated marker only; never infer authorship from this term alone.,"Kobak et al., Science Advances 2025, supplementary repository excess_words.csv"
5,acknowledging,style,verb,,corpus_monitoring_only,0.1,False,Corpus-associated marker only; never infer authorship from this term alone.,"Kobak et al., Science Advances 2025, supplementary repository excess_words.csv"
6,across,style,preposition,,context_sensitive_cluster_marker,0.4,False,Corpus-associated marker only; never infer authorship from this term alone.,"Kobak et al., Science Advances 2025, supplementary repository excess_words.csv"
8,additionally,style,adverb,,corpus_monitoring_only,0.1,False,Corpus-associated marker only; never infer authorship from this term alone.,"Kobak et al., Science Advances 2025, supplementary repository excess_words.csv"
9,address,style,verb,,corpus_monitoring_only,0.1,False,Corpus-associated marker only; never infer authorship from this term alone.,"Kobak et al., Science Advances 2025, supplementary repository excess_words.csv"
10,addresses,style,verb,,corpus_monitoring_only,0.1,False,Corpus-associated marker only; never infer authorship from this term alone.,"Kobak et al., Science Advances 2025, supplementary repository excess_words.csv"
11,addressing,style,verb,,corpus_monitoring_only,0.1,False,Corpus-associated marker only; never infer authorship from this term alone.,"Kobak et al., Science Advances 2025, supplementary repository excess_words.csv"
12,adept,style,adjective,,corpus_monitoring_only,0.1,False,Corpus-associated marker only; never infer authorship from this term alone.,"Kobak et al., Science Advances 2025, supplementary repository excess_words.csv"
13,adhered,style,verb,,corpus_monitoring_only,0.1,False,Corpus-associated marker only; never infer authorship from this term alone.,"Kobak et al., Science Advances 2025, supplementary repository excess_words.csv"
14,adhering,style,verb,,corpus_monitoring_only,0.1,False,Corpus-associated marker only; never infer authorship from this term alone.,"Kobak et al., Science Advances 2025, supplementary repository excess_words.csv"
18,advancement,style,noun,,corpus_monitoring_only,0.1,False,Corpus-associated marker only; never infer authorship from this term alone.,"Kobak et al., Science Advances 2025, supplementary repository excess_words.csv"
19,advancements,style,noun,,corpus_monitoring_only,0.1,False,Corpus-associated marker only; never infer authorship from this term alone.,"Kobak et al., Science Advances 2025, supplementary repository excess_words.csv"
20,advancing,style,verb,,corpus_monitoring_only,0.1,False,Corpus-associated marker only; never infer authorship from this term alone.,"Kobak et al., Science Advances 2025, supplementary repository excess_words.csv"
22,advocates,style,verb,,corpus_monitoring_only,0.1,False,Corpus-associated marker only; never infer authorship from this term alone.,"Kobak et al., Science Advances 2025, supplementary repository excess_words.csv"
23,advocating,style,verb,,corpus_monitoring_only,0.1,False,Corpus-associated marker only; never infer authorship from this term alone.,"Kobak et al., Science Advances 2025, supplementary repository excess_words.csv"
25,affirming,style,verb,,corpus_monitoring_only,0.1,False,Corpus-associated marker only; never infer authorship from this term alone.,"Kobak et al., Science Advances 2025, supplementary repository excess_words.csv"
26,afflicted,style,verb,,corpus_monitoring_only,0.1,False,Corpus-associated marker only; never infer authorship from this term alone.,"Kobak et al., Science Advances 2025, supplementary repository excess_words.csv"
28,aiding,style,verb,,corpus_monitoring_only,0.1,False,Corpus-associated marker only; never infer authorship from this term alone.,"Kobak et al., Science Advances 2025, supplementary repository excess_words.csv"
29,aims,style,verb,,corpus_monitoring_only,0.1,False,Corpus-associated marker only; never infer authorship from this term alone.,"Kobak et al., Science Advances 2025, supplementary repository excess_words.csv"
30,akin,style,adjective,,corpus_monitoring_only,0.1,False,Corpus-associated marker only; never infer authorship from this term alone.,"Kobak et al., Science Advances 2025, supplementary repository excess_words.csv"
31,align,style,verb,,corpus_monitoring_only,0.1,False,Corpus-associated marker only; never infer authorship from this term alone.,"Kobak et al., Science Advances 2025, supplementary repository excess_words.csv"
32,aligning,style,verb,,corpus_monitoring_only,0.1,False,Corpus-associated marker only; never infer authorship from this term alone.,"Kobak et al., Science Advances 2025, supplementary repository excess_words.csv"
33,aligns,style,verb,,corpus_monitoring_only,0.1,False,Corpus-associated marker only; never infer authorship from this term alone.,"Kobak et al., Science Advances 2025, supplementary repository excess_words.csv"
34,alongside,style,preposition,,corpus_monitoring_only,0.1,False,Corpus-associated marker only; never infer authorship from this term alone.,"Kobak et al., Science Advances 2025, supplementary repository excess_words.csv"
36,amid,style,preposition,,corpus_monitoring_only,0.1,False,Corpus-associated marker only; never infer authorship from this term alone.,"Kobak et al., Science Advances 2025, supplementary repository excess_words.csv"
37,amidst,style,preposition,,high_cluster_marker,1.0,False,Corpus-associated marker only; never infer authorship from this term alone.,"Kobak et al., Science Advances 2025, supplementary repository excess_words.csv"
39,analysis,style,noun,,corpus_monitoring_only,0.1,False,Corpus-associated marker only; never infer authorship from this term alone.,"Kobak et al., Science Advances 2025, supplementary repository excess_words.csv"
41,announced,style,verb,,corpus_monitoring_only,0.1,False,Corpus-associated marker only; never infer authorship from this term alone.,"Kobak et al., Science Advances 2025, supplementary repository excess_words.csv"
47,apologizes,style,verb,,corpus_monitoring_only,0.1,False,Corpus-associated marker only; never infer authorship from this term alone.,"Kobak et al., Science Advances 2025, supplementary repository excess_words.csv"
48,approach,style,noun,,corpus_monitoring_only,0.1,False,Corpus-associated marker only; never infer authorship from this term alone.,"Kobak et al., Science Advances 2025, supplementary repository excess_words.csv"
55,assess,style,verb,,corpus_monitoring_only,0.1,False,Corpus-associated marker only; never infer authorship from this term alone.,"Kobak et al., Science Advances 2025, supplementary repository excess_words.csv"
56,assessed,style,verb,,corpus_monitoring_only,0.1,False,Corpus-associated marker only; never infer authorship from this term alone.,"Kobak et al., Science Advances 2025, supplementary repository excess_words.csv"
57,assessing,style,verb,,corpus_monitoring_only,0.1,False,Corpus-associated marker only; never infer authorship from this term alone.,"Kobak et al., Science Advances 2025, supplementary repository excess_words.csv"
58,assessments,style,noun,,corpus_monitoring_only,0.1,False,Corpus-associated marker only; never infer authorship from this term alone.,"Kobak et al., Science Advances 2025, supplementary repository excess_words.csv"
60,attains,style,verb,,corpus_monitoring_only,0.1,False,Corpus-associated marker only; never infer authorship from this term alone.,"Kobak et al., Science Advances 2025, supplementary repository excess_words.csv"
62,attributed,style,verb,,corpus_monitoring_only,0.1,False,Corpus-associated marker only; never infer authorship from this term alone.,"Kobak et al., Science Advances 2025, supplementary repository excess_words.csv"
63,augmenting,style,verb,,corpus_monitoring_only,0.1,False,Corpus-associated marker only; never infer authorship from this term alone.,"Kobak et al., Science Advances 2025, supplementary repository excess_words.csv"
67,avenue,style,noun,,corpus_monitoring_only,0.1,False,Corpus-associated marker only; never infer authorship from this term alone.,"Kobak et al., Science Advances 2025, supplementary repository excess_words.csv"
68,avenues,style,noun,,corpus_monitoring_only,0.1,False,Corpus-associated marker only; never infer authorship from this term alone.,"Kobak et al., Science Advances 2025, supplementary repository excess_words.csv"
69,background,content/style,noun,can be both,corpus_monitoring_only,0.1,False,Corpus-associated marker only; never infer authorship from this term alone.,"Kobak et al., Science Advances 2025, supplementary repository excess_words.csv"
71,based,style,verb,,corpus_monitoring_only,0.1,False,Corpus-associated marker only; never infer authorship from this term alone.,"Kobak et al., Science Advances 2025, supplementary repository excess_words.csv"
73,between,style,preposition,,corpus_monitoring_only,0.1,False,Corpus-associated marker only; never infer authorship from this term alone.,"Kobak et al., Science Advances 2025, supplementary repository excess_words.csv"
81,bolster,style,verb,,corpus_monitoring_only,0.1,False,Corpus-associated marker only; never infer authorship from this term alone.,"Kobak et al., Science Advances 2025, supplementary repository excess_words.csv"
82,bolstered,style,verb,,corpus_monitoring_only,0.1,False,Corpus-associated marker only; never infer authorship from this term alone.,"Kobak et al., Science Advances 2025, supplementary repository excess_words.csv"
83,bolstering,style,verb,,corpus_monitoring_only,0.1,False,Corpus-associated marker only; never infer authorship from this term alone.,"Kobak et al., Science Advances 2025, supplementary repository excess_words.csv"
86,both,style,pronoun/adverb,,corpus_monitoring_only,0.1,False,Corpus-associated marker only; never infer authorship from this term alone.,"Kobak et al., Science Advances 2025, supplementary repository excess_words.csv"
88,broader,style,adjective,,corpus_monitoring_only,0.1,False,Corpus-associated marker only; never infer authorship from this term alone.,"Kobak et al., Science Advances 2025, supplementary repository excess_words.csv"
90,burgeoning,style,verb,,high_cluster_marker,1.0,False,Corpus-associated marker only; never infer authorship from this term alone.,"Kobak et al., Science Advances 2025, supplementary repository excess_words.csv"
92,capabilities,style,noun,,corpus_monitoring_only,0.1,False,Corpus-associated marker only; never infer authorship from this term alone.,"Kobak et al., Science Advances 2025, supplementary repository excess_words.csv"
93,capitalizing,style,verb,,corpus_monitoring_only,0.1,False,Corpus-associated marker only; never infer authorship from this term alone.,"Kobak et al., Science Advances 2025, supplementary repository excess_words.csv"
96,categorized,style,verb,,corpus_monitoring_only,0.1,False,Corpus-associated marker only; never infer authorship from this term alone.,"Kobak et al., Science Advances 2025, supplementary repository excess_words.csv"
97,categorizes,style,verb,,corpus_monitoring_only,0.1,False,Corpus-associated marker only; never infer authorship from this term alone.,"Kobak et al., Science Advances 2025, supplementary repository excess_words.csv"
98,categorizing,style,verb,,corpus_monitoring_only,0.1,False,Corpus-associated marker only; never infer authorship from this term alone.,"Kobak et al., Science Advances 2025, supplementary repository excess_words.csv"
105,challenge,style,verb,,corpus_monitoring_only,0.1,False,Corpus-associated marker only; never infer authorship from this term alone.,"Kobak et al., Science Advances 2025, supplementary repository excess_words.csv"
106,challenges,style,noun,,corpus_monitoring_only,0.1,False,Corpus-associated marker only; never infer authorship from this term alone.,"Kobak et al., Science Advances 2025, supplementary repository excess_words.csv"
119,closures,content/style,noun,"used in many contexts, like businesses",corpus_monitoring_only,0.1,False,Corpus-associated marker only; never infer authorship from this term alone.,"Kobak et al., Science Advances 2025, supplementary repository excess_words.csv"
124,combating,style,verb,,corpus_monitoring_only,0.1,False,Corpus-associated marker only; never infer authorship from this term alone.,"Kobak et al., Science Advances 2025, supplementary repository excess_words.csv"
126,commendable,style,adjective,,high_cluster_marker,1.0,False,Corpus-associated marker only; never infer authorship from this term alone.,"Kobak et al., Science Advances 2025, supplementary repository excess_words.csv"
127,compelling,style,adjective,,high_cluster_marker,1.0,False,Corpus-associated marker only; never infer authorship from this term alone.,"Kobak et al., Science Advances 2025, supplementary repository excess_words.csv"
128,complex,style,noun,,corpus_monitoring_only,0.1,False,Corpus-associated marker only; never infer authorship from this term alone.,"Kobak et al., Science Advances 2025, supplementary repository excess_words.csv"
129,complexities,content/style,noun,"complexity can be a term as in computational complexity, or a general term",corpus_monitoring_only,0.1,False,Corpus-associated marker only; never infer authorship from this term alone.,"Kobak et al., Science Advances 2025, supplementary repository excess_words.csv"
130,complicates,style,verb,,corpus_monitoring_only,0.1,False,Corpus-associated marker only; never infer authorship from this term alone.,"Kobak et al., Science Advances 2025, supplementary repository excess_words.csv"
131,complicating,style,verb,,corpus_monitoring_only,0.1,False,Corpus-associated marker only; never infer authorship from this term alone.,"Kobak et al., Science Advances 2025, supplementary repository excess_words.csv"
132,comprehend,style,verb,,corpus_monitoring_only,0.1,False,Corpus-associated marker only; never infer authorship from this term alone.,"Kobak et al., Science Advances 2025, supplementary repository excess_words.csv"
133,comprehending,style,verb,,corpus_monitoring_only,0.1,False,Corpus-associated marker only; never infer authorship from this term alone.,"Kobak et al., Science Advances 2025, supplementary repository excess_words.csv"
135,comprehensive,style,adjective,,context_sensitive_cluster_marker,0.4,False,Corpus-associated marker only; never infer authorship from this term alone.,"Kobak et al., Science Advances 2025, supplementary repository excess_words.csv"
136,comprising,style,verb,,corpus_monitoring_only,0.1,False,Corpus-associated marker only; never infer authorship from this term alone.,"Kobak et al., Science Advances 2025, supplementary repository excess_words.csv"
137,concurrently,content/style,adverb,"in principle style, but often used in a specific context (concurrency of disease symptoms or medications)",corpus_monitoring_only,0.1,False,Corpus-associated marker only; never infer authorship from this term alone.,"Kobak et al., Science Advances 2025, supplementary repository excess_words.csv"
139,conditions,style,noun,,corpus_monitoring_only,0.1,False,Corpus-associated marker only; never infer authorship from this term alone.,"Kobak et al., Science Advances 2025, supplementary repository excess_words.csv"
140,conducted,style,verb,,corpus_monitoring_only,0.1,False,Corpus-associated marker only; never infer authorship from this term alone.,"Kobak et al., Science Advances 2025, supplementary repository excess_words.csv"
143,consequently,style,verb,,corpus_monitoring_only,0.1,False,Corpus-associated marker only; never infer authorship from this term alone.,"Kobak et al., Science Advances 2025, supplementary repository excess_words.csv"
144,consolidates,style,verb,,corpus_monitoring_only,0.1,False,Corpus-associated marker only; never infer authorship from this term alone.,"Kobak et al., Science Advances 2025, supplementary repository excess_words.csv"
151,contributing,style,verb,contributing factors ,corpus_monitoring_only,0.1,False,Corpus-associated marker only; never infer authorship from this term alone.,"Kobak et al., Science Advances 2025, supplementary repository excess_words.csv"
154,conversely,style,adverb,,corpus_monitoring_only,0.1,False,Corpus-associated marker only; never infer authorship from this term alone.,"Kobak et al., Science Advances 2025, supplementary repository excess_words.csv"
164,correlating,style,verb,,corpus_monitoring_only,0.1,False,Corpus-associated marker only; never infer authorship from this term alone.,"Kobak et al., Science Advances 2025, supplementary repository excess_words.csv"
168,crafted,style,verb,,corpus_monitoring_only,0.1,False,Corpus-associated marker only; never infer authorship from this term alone.,"Kobak et al., Science Advances 2025, supplementary repository excess_words.csv"
169,crafting,style,verb,,corpus_monitoring_only,0.1,False,Corpus-associated marker only; never infer authorship from this term alone.,"Kobak et al., Science Advances 2025, supplementary repository excess_words.csv"
173,crucial,style,adjective,,context_sensitive_cluster_marker,0.4,False,Corpus-associated marker only; never infer authorship from this term alone.,"Kobak et al., Science Advances 2025, supplementary repository excess_words.csv"
175,culminating,style,verb,,corpus_monitoring_only,0.1,False,Corpus-associated marker only; never infer authorship from this term alone.,"Kobak et al., Science Advances 2025, supplementary repository excess_words.csv"
177,customizing,style,verb,,corpus_monitoring_only,0.1,False,Corpus-associated marker only; never infer authorship from this term alone.,"Kobak et al., Science Advances 2025, supplementary repository excess_words.csv"
181,declare,style,verb,,corpus_monitoring_only,0.1,False,Corpus-associated marker only; never infer authorship from this term alone.,"Kobak et al., Science Advances 2025, supplementary repository excess_words.csv"
182,declared,style,verb,,corpus_monitoring_only,0.1,False,Corpus-associated marker only; never infer authorship from this term alone.,"Kobak et al., Science Advances 2025, supplementary repository excess_words.csv"
184,deductively,style,adverb,,corpus_monitoring_only,0.1,False,Corpus-associated marker only; never infer authorship from this term alone.,"Kobak et al., Science Advances 2025, supplementary repository excess_words.csv"
185,deeper,content/style,adjective,can potentially refer to deep learning / deep networks,corpus_monitoring_only,0.1,False,Corpus-associated marker only; never infer authorship from this term alone.,"Kobak et al., Science Advances 2025, supplementary repository excess_words.csv"
187,delineates,style,verb,,corpus_monitoring_only,0.1,False,Corpus-associated marker only; never infer authorship from this term alone.,"Kobak et al., Science Advances 2025, supplementary repository excess_words.csv"
190,delve,style,verb,,high_cluster_marker,1.0,False,Corpus-associated marker only; never infer authorship from this term alone.,"Kobak et al., Science Advances 2025, supplementary repository excess_words.csv"
191,delved,style,verb,,high_cluster_marker,1.0,False,Corpus-associated marker only; never infer authorship from this term alone.,"Kobak et al., Science Advances 2025, supplementary repository excess_words.csv"
192,delves,style,verb,,high_cluster_marker,1.0,False,Corpus-associated marker only; never infer authorship from this term alone.,"Kobak et al., Science Advances 2025, supplementary repository excess_words.csv"
193,delving,style,verb,,high_cluster_marker,1.0,False,Corpus-associated marker only; never infer authorship from this term alone.,"Kobak et al., Science Advances 2025, supplementary repository excess_words.csv"
194,demonstrated,style,verb,,corpus_monitoring_only,0.1,False,Corpus-associated marker only; never infer authorship from this term alone.,"Kobak et al., Science Advances 2025, supplementary repository excess_words.csv"
195,demonstrates,style,verb,,corpus_monitoring_only,0.1,False,Corpus-associated marker only; never infer authorship from this term alone.,"Kobak et al., Science Advances 2025, supplementary repository excess_words.csv"
196,demonstrating,style,verb,,corpus_monitoring_only,0.1,False,Corpus-associated marker only; never infer authorship from this term alone.,"Kobak et al., Science Advances 2025, supplementary repository excess_words.csv"
197,dependability,style,noun,,corpus_monitoring_only,0.1,False,Corpus-associated marker only; never infer authorship from this term alone.,"Kobak et al., Science Advances 2025, supplementary repository excess_words.csv"
198,dependable,style,adjective,,corpus_monitoring_only,0.1,False,Corpus-associated marker only; never infer authorship from this term alone.,"Kobak et al., Science Advances 2025, supplementary repository excess_words.csv"
200,despite,style,preposition,,corpus_monitoring_only,0.1,False,Corpus-associated marker only; never infer authorship from this term alone.,"Kobak et al., Science Advances 2025, supplementary repository excess_words.csv"
201,detailing,style,verb,,corpus_monitoring_only,0.1,False,Corpus-associated marker only; never infer authorship from this term alone.,"Kobak et al., Science Advances 2025, supplementary repository excess_words.csv"
202,detrimentally,style,adverb,,corpus_monitoring_only,0.1,False,Corpus-associated marker only; never infer authorship from this term alone.,"Kobak et al., Science Advances 2025, supplementary repository excess_words.csv"
204,diminishes,style,verb,,corpus_monitoring_only,0.1,False,Corpus-associated marker only; never infer authorship from this term alone.,"Kobak et al., Science Advances 2025, supplementary repository excess_words.csv"
205,diminishing,style,verb,,corpus_monitoring_only,0.1,False,Corpus-associated marker only; never infer authorship from this term alone.,"Kobak et al., Science Advances 2025, supplementary repository excess_words.csv"
206,discern,style,verb,,corpus_monitoring_only,0.1,False,Corpus-associated marker only; never infer authorship from this term alone.,"Kobak et al., Science Advances 2025, supplementary repository excess_words.csv"
207,discerned,style,verb,,corpus_monitoring_only,0.1,False,Corpus-associated marker only; never infer authorship from this term alone.,"Kobak et al., Science Advances 2025, supplementary repository excess_words.csv"
208,discernible,style,adjective,,corpus_monitoring_only,0.1,False,Corpus-associated marker only; never infer authorship from this term alone.,"Kobak et al., Science Advances 2025, supplementary repository excess_words.csv"
209,discerning,style,verb,,corpus_monitoring_only,0.1,False,Corpus-associated marker only; never infer authorship from this term alone.,"Kobak et al., Science Advances 2025, supplementary repository excess_words.csv"
211,displaying,style,verb,,corpus_monitoring_only,0.1,False,Corpus-associated marker only; never infer authorship from this term alone.,"Kobak et al., Science Advances 2025, supplementary repository excess_words.csv"
212,disrupts,style,verb,,corpus_monitoring_only,0.1,False,Corpus-associated marker only; never infer authorship from this term alone.,"Kobak et al., Science Advances 2025, supplementary repository excess_words.csv"
214,distinct,style,adjective,,corpus_monitoring_only,0.1,False,Corpus-associated marker only; never infer authorship from this term alone.,"Kobak et al., Science Advances 2025, supplementary repository excess_words.csv"
215,distinctions,style,noun,,corpus_monitoring_only,0.1,False,Corpus-associated marker only; never infer authorship from this term alone.,"Kobak et al., Science Advances 2025, supplementary repository excess_words.csv"
216,distinctive,style,adjective,,corpus_monitoring_only,0.1,False,Corpus-associated marker only; never infer authorship from this term alone.,"Kobak et al., Science Advances 2025, supplementary repository excess_words.csv"
217,diverse,style,adjective,,corpus_monitoring_only,0.1,False,Corpus-associated marker only; never infer authorship from this term alone.,"Kobak et al., Science Advances 2025, supplementary repository excess_words.csv"
221,during,style,preposition,,corpus_monitoring_only,0.1,False,Corpus-associated marker only; never infer authorship from this term alone.,"Kobak et al., Science Advances 2025, supplementary repository excess_words.csv"
223,easing,style,verb,,corpus_monitoring_only,0.1,False,Corpus-associated marker only; never infer authorship from this term alone.,"Kobak et al., Science Advances 2025, supplementary repository excess_words.csv"
229,effectively,style,adverb,,corpus_monitoring_only,0.1,False,Corpus-associated marker only; never infer authorship from this term alone.,"Kobak et al., Science Advances 2025, supplementary repository excess_words.csv"
230,efficacy,style/count,noun,can refer to vaccine efficacy,corpus_monitoring_only,0.1,False,Corpus-associated marker only; never infer authorship from this term alone.,"Kobak et al., Science Advances 2025, supplementary repository excess_words.csv"
235,elevate,style,verb,,corpus_monitoring_only,0.1,False,Corpus-associated marker only; never infer authorship from this term alone.,"Kobak et al., Science Advances 2025, supplementary repository excess_words.csv"
236,elevated,style,verb,,corpus_monitoring_only,0.1,False,Corpus-associated marker only; never infer authorship from this term alone.,"Kobak et al., Science Advances 2025, supplementary repository excess_words.csv"
237,elevates,style,verb,,corpus_monitoring_only,0.1,False,Corpus-associated marker only; never infer authorship from this term alone.,"Kobak et al., Science Advances 2025, supplementary repository excess_words.csv"
238,elevating,style,verb,,corpus_monitoring_only,0.1,False,Corpus-associated marker only; never infer authorship from this term alone.,"Kobak et al., Science Advances 2025, supplementary repository excess_words.csv"
239,elucidate,style,verb,,high_cluster_marker,1.0,False,Corpus-associated marker only; never infer authorship from this term alone.,"Kobak et al., Science Advances 2025, supplementary repository excess_words.csv"
240,elucidates,style,verb,,high_cluster_marker,1.0,False,Corpus-associated marker only; never infer authorship from this term alone.,"Kobak et al., Science Advances 2025, supplementary repository excess_words.csv"
241,elucidating,style,verb,,high_cluster_marker,1.0,False,Corpus-associated marker only; never infer authorship from this term alone.,"Kobak et al., Science Advances 2025, supplementary repository excess_words.csv"
243,embracing,style,verb,,corpus_monitoring_only,0.1,False,Corpus-associated marker only; never infer authorship from this term alone.,"Kobak et al., Science Advances 2025, supplementary repository excess_words.csv"
244,emerged,style,verb,,corpus_monitoring_only,0.1,False,Corpus-associated marker only; never infer authorship from this term alone.,"Kobak et al., Science Advances 2025, supplementary repository excess_words.csv"
246,emerges,style,verb,,corpus_monitoring_only,0.1,False,Corpus-associated marker only; never infer authorship from this term alone.,"Kobak et al., Science Advances 2025, supplementary repository excess_words.csv"
248,emphasises,style,verb,,corpus_monitoring_only,0.1,False,Corpus-associated marker only; never infer authorship from this term alone.,"Kobak et al., Science Advances 2025, supplementary repository excess_words.csv"
249,emphasising,style,verb,,corpus_monitoring_only,0.1,False,Corpus-associated marker only; never infer authorship from this term alone.,"Kobak et al., Science Advances 2025, supplementary repository excess_words.csv"
250,emphasize,style,verb,,corpus_monitoring_only,0.1,False,Corpus-associated marker only; never infer authorship from this term alone.,"Kobak et al., Science Advances 2025, supplementary repository excess_words.csv"
251,emphasizes,style,verb,,corpus_monitoring_only,0.1,False,Corpus-associated marker only; never infer authorship from this term alone.,"Kobak et al., Science Advances 2025, supplementary repository excess_words.csv"
252,emphasizing,style,verb,,corpus_monitoring_only,0.1,False,Corpus-associated marker only; never infer authorship from this term alone.,"Kobak et al., Science Advances 2025, supplementary repository excess_words.csv"
253,employed,style,verb,,corpus_monitoring_only,0.1,False,Corpus-associated marker only; never infer authorship from this term alone.,"Kobak et al., Science Advances 2025, supplementary repository excess_words.csv"
254,employing,style,verb,,corpus_monitoring_only,0.1,False,Corpus-associated marker only; never infer authorship from this term alone.,"Kobak et al., Science Advances 2025, supplementary repository excess_words.csv"
255,employs,style,verb,,corpus_monitoring_only,0.1,False,Corpus-associated marker only; never infer authorship from this term alone.,"Kobak et al., Science Advances 2025, supplementary repository excess_words.csv"
256,empowers,style,verb,,corpus_monitoring_only,0.1,False,Corpus-associated marker only; never infer authorship from this term alone.,"Kobak et al., Science Advances 2025, supplementary repository excess_words.csv"
257,emulating,style,verb,,corpus_monitoring_only,0.1,False,Corpus-associated marker only; never infer authorship from this term alone.,"Kobak et al., Science Advances 2025, supplementary repository excess_words.csv"
258,emulation,style,noun,,corpus_monitoring_only,0.1,False,Corpus-associated marker only; never infer authorship from this term alone.,"Kobak et al., Science Advances 2025, supplementary repository excess_words.csv"
259,enabling,style,verb,,corpus_monitoring_only,0.1,False,Corpus-associated marker only; never infer authorship from this term alone.,"Kobak et al., Science Advances 2025, supplementary repository excess_words.csv"
260,encapsulates,style,verb,,corpus_monitoring_only,0.1,False,Corpus-associated marker only; never infer authorship from this term alone.,"Kobak et al., Science Advances 2025, supplementary repository excess_words.csv"
262,encompass,style,verb,,corpus_monitoring_only,0.1,False,Corpus-associated marker only; never infer authorship from this term alone.,"Kobak et al., Science Advances 2025, supplementary repository excess_words.csv"
263,encompassed,style,verb,,corpus_monitoring_only,0.1,False,Corpus-associated marker only; never infer authorship from this term alone.,"Kobak et al., Science Advances 2025, supplementary repository excess_words.csv"
264,encompasses,style,verb,,corpus_monitoring_only,0.1,False,Corpus-associated marker only; never infer authorship from this term alone.,"Kobak et al., Science Advances 2025, supplementary repository excess_words.csv"
265,encompassing,style,verb,,corpus_monitoring_only,0.1,False,Corpus-associated marker only; never infer authorship from this term alone.,"Kobak et al., Science Advances 2025, supplementary repository excess_words.csv"
267,endangering,style,verb,,corpus_monitoring_only,0.1,False,Corpus-associated marker only; never infer authorship from this term alone.,"Kobak et al., Science Advances 2025, supplementary repository excess_words.csv"
268,endeavors,style,noun,"""research endeavors""",corpus_monitoring_only,0.1,False,Corpus-associated marker only; never infer authorship from this term alone.,"Kobak et al., Science Advances 2025, supplementary repository excess_words.csv"
269,endeavours,style,noun,BE version,corpus_monitoring_only,0.1,False,Corpus-associated marker only; never infer authorship from this term alone.,"Kobak et al., Science Advances 2025, supplementary repository excess_words.csv"
271,enduring,style,verb,,corpus_monitoring_only,0.1,False,Corpus-associated marker only; never infer authorship from this term alone.,"Kobak et al., Science Advances 2025, supplementary repository excess_words.csv"
272,enhance,style,verb,,context_sensitive_cluster_marker,0.4,False,Corpus-associated marker only; never infer authorship from this term alone.,"Kobak et al., Science Advances 2025, supplementary repository excess_words.csv"
273,enhanced,style,verb,,context_sensitive_cluster_marker,0.4,False,Corpus-associated marker only; never infer authorship from this term alone.,"Kobak et al., Science Advances 2025, supplementary repository excess_words.csv"
274,enhancements,style,nount,,corpus_monitoring_only,0.1,False,Corpus-associated marker only; never infer authorship from this term alone.,"Kobak et al., Science Advances 2025, supplementary repository excess_words.csv"
275,enhances,style,verb,,context_sensitive_cluster_marker,0.4,False,Corpus-associated marker only; never infer authorship from this term alone.,"Kobak et al., Science Advances 2025, supplementary repository excess_words.csv"
276,enhancing,style,verb,,context_sensitive_cluster_marker,0.4,False,Corpus-associated marker only; never infer authorship from this term alone.,"Kobak et al., Science Advances 2025, supplementary repository excess_words.csv"
277,ensuring,style,verb,,corpus_monitoring_only,0.1,False,Corpus-associated marker only; never infer authorship from this term alone.,"Kobak et al., Science Advances 2025, supplementary repository excess_words.csv"
284,equipping,style,verb,,corpus_monitoring_only,0.1,False,Corpus-associated marker only; never infer authorship from this term alone.,"Kobak et al., Science Advances 2025, supplementary repository excess_words.csv"
285,escalating,style,verb,,corpus_monitoring_only,0.1,False,Corpus-associated marker only; never infer authorship from this term alone.,"Kobak et al., Science Advances 2025, supplementary repository excess_words.csv"
286,essentials,style,noun,,corpus_monitoring_only,0.1,False,Corpus-associated marker only; never infer authorship from this term alone.,"Kobak et al., Science Advances 2025, supplementary repository excess_words.csv"
287,evaluates,style,verb,,corpus_monitoring_only,0.1,False,Corpus-associated marker only; never infer authorship from this term alone.,"Kobak et al., Science Advances 2025, supplementary repository excess_words.csv"
289,evolving,style,verb,,corpus_monitoring_only,0.1,False,Corpus-associated marker only; never infer authorship from this term alone.,"Kobak et al., Science Advances 2025, supplementary repository excess_words.csv"
290,exacerbating,style,verb,,corpus_monitoring_only,0.1,False,Corpus-associated marker only; never infer authorship from this term alone.,"Kobak et al., Science Advances 2025, supplementary repository excess_words.csv"
291,examines,style,verb,,corpus_monitoring_only,0.1,False,Corpus-associated marker only; never infer authorship from this term alone.,"Kobak et al., Science Advances 2025, supplementary repository excess_words.csv"
292,exceeding,style,verb,,corpus_monitoring_only,0.1,False,Corpus-associated marker only; never infer authorship from this term alone.,"Kobak et al., Science Advances 2025, supplementary repository excess_words.csv"
293,excels,style,verb,,corpus_monitoring_only,0.1,False,Corpus-associated marker only; never infer authorship from this term alone.,"Kobak et al., Science Advances 2025, supplementary repository excess_words.csv"
294,exceptional,style,adjective,,corpus_monitoring_only,0.1,False,Corpus-associated marker only; never infer authorship from this term alone.,"Kobak et al., Science Advances 2025, supplementary repository excess_words.csv"
295,exceptionally,style,adverb,,corpus_monitoring_only,0.1,False,Corpus-associated marker only; never infer authorship from this term alone.,"Kobak et al., Science Advances 2025, supplementary repository excess_words.csv"
296,exerting,style,verb,,corpus_monitoring_only,0.1,False,Corpus-associated marker only; never infer authorship from this term alone.,"Kobak et al., Science Advances 2025, supplementary repository excess_words.csv"
297,exhibit,style,verb,,context_sensitive_cluster_marker,0.4,False,Corpus-associated marker only; never infer authorship from this term alone.,"Kobak et al., Science Advances 2025, supplementary repository excess_words.csv"
298,exhibited,style,verb,,context_sensitive_cluster_marker,0.4,False,Corpus-associated marker only; never infer authorship from this term alone.,"Kobak et al., Science Advances 2025, supplementary repository excess_words.csv"
299,exhibiting,style,verb,,context_sensitive_cluster_marker,0.4,False,Corpus-associated marker only; never infer authorship from this term alone.,"Kobak et al., Science Advances 2025, supplementary repository excess_words.csv"
300,exhibits,style,verb,,context_sensitive_cluster_marker,0.4,False,Corpus-associated marker only; never infer authorship from this term alone.,"Kobak et al., Science Advances 2025, supplementary repository excess_words.csv"
301,expedite,style,verb,,corpus_monitoring_only,0.1,False,Corpus-associated marker only; never infer authorship from this term alone.,"Kobak et al., Science Advances 2025, supplementary repository excess_words.csv"
302,expediting,style,verb,,corpus_monitoring_only,0.1,False,Corpus-associated marker only; never infer authorship from this term alone.,"Kobak et al., Science Advances 2025, supplementary repository excess_words.csv"
304,exploration,style,noun,,corpus_monitoring_only,0.1,False,Corpus-associated marker only; never infer authorship from this term alone.,"Kobak et al., Science Advances 2025, supplementary repository excess_words.csv"
305,explores,style,verb,,corpus_monitoring_only,0.1,False,Corpus-associated marker only; never infer authorship from this term alone.,"Kobak et al., Science Advances 2025, supplementary repository excess_words.csv"
306,faces,content/style,noun/verb,can be content noun (face) or style verb (to face),corpus_monitoring_only,0.1,False,Corpus-associated marker only; never infer authorship from this term alone.,"Kobak et al., Science Advances 2025, supplementary repository excess_words.csv"
307,facilitated,style,verb,,context_sensitive_cluster_marker,0.4,False,Corpus-associated marker only; never infer authorship from this term alone.,"Kobak et al., Science Advances 2025, supplementary repository excess_words.csv"
308,facilitates,style,verb,,context_sensitive_cluster_marker,0.4,False,Corpus-associated marker only; never infer authorship from this term alone.,"Kobak et al., Science Advances 2025, supplementary repository excess_words.csv"
309,facilitating,style,verb,,context_sensitive_cluster_marker,0.4,False,Corpus-associated marker only; never infer authorship from this term alone.,"Kobak et al., Science Advances 2025, supplementary repository excess_words.csv"
313,featuring,style,verb,,corpus_monitoring_only,0.1,False,Corpus-associated marker only; never infer authorship from this term alone.,"Kobak et al., Science Advances 2025, supplementary repository excess_words.csv"
316,fight,style,noun/verb,,corpus_monitoring_only,0.1,False,Corpus-associated marker only; never infer authorship from this term alone.,"Kobak et al., Science Advances 2025, supplementary repository excess_words.csv"
317,findings,style,noun,,context_sensitive_cluster_marker,0.4,False,Corpus-associated marker only; never infer authorship from this term alone.,"Kobak et al., Science Advances 2025, supplementary repository excess_words.csv"
322,focusing,style,verb,,corpus_monitoring_only,0.1,False,Corpus-associated marker only; never infer authorship from this term alone.,"Kobak et al., Science Advances 2025, supplementary repository excess_words.csv"
323,formidable,style,adjective,,corpus_monitoring_only,0.1,False,Corpus-associated marker only; never infer authorship from this term alone.,"Kobak et al., Science Advances 2025, supplementary repository excess_words.csv"
324,fostering,style,verb,,context_sensitive_cluster_marker,0.4,False,Corpus-associated marker only; never infer authorship from this term alone.,"Kobak et al., Science Advances 2025, supplementary repository excess_words.csv"
325,fosters,style,verb,,context_sensitive_cluster_marker,0.4,False,Corpus-associated marker only; never infer authorship from this term alone.,"Kobak et al., Science Advances 2025, supplementary repository excess_words.csv"
326,foundational,style,adjective,,corpus_monitoring_only,0.1,False,Corpus-associated marker only; never infer authorship from this term alone.,"Kobak et al., Science Advances 2025, supplementary repository excess_words.csv"
329,furnish,style,verb,,corpus_monitoring_only,0.1,False,Corpus-associated marker only; never infer authorship from this term alone.,"Kobak et al., Science Advances 2025, supplementary repository excess_words.csv"
332,garnered,style,verb,,corpus_monitoring_only,0.1,False,Corpus-associated marker only; never infer authorship from this term alone.,"Kobak et al., Science Advances 2025, supplementary repository excess_words.csv"
333,garnering,style,verb,,corpus_monitoring_only,0.1,False,Corpus-associated marker only; never infer authorship from this term alone.,"Kobak et al., Science Advances 2025, supplementary repository excess_words.csv"
334,gauged,style,verb,,corpus_monitoring_only,0.1,False,Corpus-associated marker only; never infer authorship from this term alone.,"Kobak et al., Science Advances 2025, supplementary repository excess_words.csv"
341,grappling,style,verb,,corpus_monitoring_only,0.1,False,Corpus-associated marker only; never infer authorship from this term alone.,"Kobak et al., Science Advances 2025, supplementary repository excess_words.csv"
342,groundbreaking,style,adjective,,corpus_monitoring_only,0.1,False,Corpus-associated marker only; never infer authorship from this term alone.,"Kobak et al., Science Advances 2025, supplementary repository excess_words.csv"
343,groundwork,style,noun,,corpus_monitoring_only,0.1,False,Corpus-associated marker only; never infer authorship from this term alone.,"Kobak et al., Science Advances 2025, supplementary repository excess_words.csv"
348,hardest,style,noun,,corpus_monitoring_only,0.1,False,Corpus-associated marker only; never infer authorship from this term alone.,"Kobak et al., Science Advances 2025, supplementary repository excess_words.csv"
350,harness,style,verb,,corpus_monitoring_only,0.1,False,Corpus-associated marker only; never infer authorship from this term alone.,"Kobak et al., Science Advances 2025, supplementary repository excess_words.csv"
351,harnesses,style,verb,,corpus_monitoring_only,0.1,False,Corpus-associated marker only; never infer authorship from this term alone.,"Kobak et al., Science Advances 2025, supplementary repository excess_words.csv"
352,harnessing,style,verb,,corpus_monitoring_only,0.1,False,Corpus-associated marker only; never infer authorship from this term alone.,"Kobak et al., Science Advances 2025, supplementary repository excess_words.csv"
356,heighten,style,verb,,corpus_monitoring_only,0.1,False,Corpus-associated marker only; never infer authorship from this term alone.,"Kobak et al., Science Advances 2025, supplementary repository excess_words.csv"
357,heightened,style,adjective,,corpus_monitoring_only,0.1,False,Corpus-associated marker only; never infer authorship from this term alone.,"Kobak et al., Science Advances 2025, supplementary repository excess_words.csv"
361,heterogenous,content/style,adjective,can have technical meanings but can also be used in other contexts,corpus_monitoring_only,0.1,False,Corpus-associated marker only; never infer authorship from this term alone.,"Kobak et al., Science Advances 2025, supplementary repository excess_words.csv"
364,highlight,style,verb,,corpus_monitoring_only,0.1,False,Corpus-associated marker only; never infer authorship from this term alone.,"Kobak et al., Science Advances 2025, supplementary repository excess_words.csv"
365,highlighting,style,verb,,corpus_monitoring_only,0.1,False,Corpus-associated marker only; never infer authorship from this term alone.,"Kobak et al., Science Advances 2025, supplementary repository excess_words.csv"
366,highlights,style,verb,,corpus_monitoring_only,0.1,False,Corpus-associated marker only; never infer authorship from this term alone.,"Kobak et al., Science Advances 2025, supplementary repository excess_words.csv"
368,hinder,style,verb,,corpus_monitoring_only,0.1,False,Corpus-associated marker only; never infer authorship from this term alone.,"Kobak et al., Science Advances 2025, supplementary repository excess_words.csv"
369,hinges,style,verb,,corpus_monitoring_only,0.1,False,Corpus-associated marker only; never infer authorship from this term alone.,"Kobak et al., Science Advances 2025, supplementary repository excess_words.csv"
370,hinting,style,verb,,corpus_monitoring_only,0.1,False,Corpus-associated marker only; never infer authorship from this term alone.,"Kobak et al., Science Advances 2025, supplementary repository excess_words.csv"
372,hold,style,verb,,corpus_monitoring_only,0.1,False,Corpus-associated marker only; never infer authorship from this term alone.,"Kobak et al., Science Advances 2025, supplementary repository excess_words.csv"
373,holds,style,verb,,corpus_monitoring_only,0.1,False,Corpus-associated marker only; never infer authorship from this term alone.,"Kobak et al., Science Advances 2025, supplementary repository excess_words.csv"
376,however,style,adverb,,corpus_monitoring_only,0.1,False,Corpus-associated marker only; never infer authorship from this term alone.,"Kobak et al., Science Advances 2025, supplementary repository excess_words.csv"
387,identified,style,verb,,corpus_monitoring_only,0.1,False,Corpus-associated marker only; never infer authorship from this term alone.,"Kobak et al., Science Advances 2025, supplementary repository excess_words.csv"
390,illuminates,style,verb,,corpus_monitoring_only,0.1,False,Corpus-associated marker only; never infer authorship from this term alone.,"Kobak et al., Science Advances 2025, supplementary repository excess_words.csv"
391,illuminating,style,adjective,,corpus_monitoring_only,0.1,False,Corpus-associated marker only; never infer authorship from this term alone.,"Kobak et al., Science Advances 2025, supplementary repository excess_words.csv"
392,imbalances,style,verb,,corpus_monitoring_only,0.1,False,Corpus-associated marker only; never infer authorship from this term alone.,"Kobak et al., Science Advances 2025, supplementary repository excess_words.csv"
393,impact,style,noun,,corpus_monitoring_only,0.1,False,Corpus-associated marker only; never infer authorship from this term alone.,"Kobak et al., Science Advances 2025, supplementary repository excess_words.csv"
394,impactful,style,adjective,,corpus_monitoring_only,0.1,False,Corpus-associated marker only; never infer authorship from this term alone.,"Kobak et al., Science Advances 2025, supplementary repository excess_words.csv"
395,impacting,style,verb,,corpus_monitoring_only,0.1,False,Corpus-associated marker only; never infer authorship from this term alone.,"Kobak et al., Science Advances 2025, supplementary repository excess_words.csv"
396,impede,style,verb,,corpus_monitoring_only,0.1,False,Corpus-associated marker only; never infer authorship from this term alone.,"Kobak et al., Science Advances 2025, supplementary repository excess_words.csv"
397,impeding,style,adjective,,corpus_monitoring_only,0.1,False,Corpus-associated marker only; never infer authorship from this term alone.,"Kobak et al., Science Advances 2025, supplementary repository excess_words.csv"
398,imperative,style,adjective,,corpus_monitoring_only,0.1,False,Corpus-associated marker only; never infer authorship from this term alone.,"Kobak et al., Science Advances 2025, supplementary repository excess_words.csv"
399,impressive,style,adjective,,corpus_monitoring_only,0.1,False,Corpus-associated marker only; never infer authorship from this term alone.,"Kobak et al., Science Advances 2025, supplementary repository excess_words.csv"
401,inadequately,style,adverb,,corpus_monitoring_only,0.1,False,Corpus-associated marker only; never infer authorship from this term alone.,"Kobak et al., Science Advances 2025, supplementary repository excess_words.csv"
402,inaugural,content/style,adjective,unsure,corpus_monitoring_only,0.1,False,Corpus-associated marker only; never infer authorship from this term alone.,"Kobak et al., Science Advances 2025, supplementary repository excess_words.csv"
403,including,style,preposition,,corpus_monitoring_only,0.1,False,Corpus-associated marker only; never infer authorship from this term alone.,"Kobak et al., Science Advances 2025, supplementary repository excess_words.csv"
404,incorporates,style,verb,,corpus_monitoring_only,0.1,False,Corpus-associated marker only; never infer authorship from this term alone.,"Kobak et al., Science Advances 2025, supplementary repository excess_words.csv"
405,incorporating,style,verb,,corpus_monitoring_only,0.1,False,Corpus-associated marker only; never infer authorship from this term alone.,"Kobak et al., Science Advances 2025, supplementary repository excess_words.csv"
406,indicating,style,verb,,corpus_monitoring_only,0.1,False,Corpus-associated marker only; never infer authorship from this term alone.,"Kobak et al., Science Advances 2025, supplementary repository excess_words.csv"
407,individuals,style,noun,,corpus_monitoring_only,0.1,False,Corpus-associated marker only; never infer authorship from this term alone.,"Kobak et al., Science Advances 2025, supplementary repository excess_words.csv"
411,influencing,style,verb,,corpus_monitoring_only,0.1,False,Corpus-associated marker only; never infer authorship from this term alone.,"Kobak et al., Science Advances 2025, supplementary repository excess_words.csv"
412,inherent,style,adjective,,corpus_monitoring_only,0.1,False,Corpus-associated marker only; never infer authorship from this term alone.,"Kobak et al., Science Advances 2025, supplementary repository excess_words.csv"
413,initially,style,adverb,,corpus_monitoring_only,0.1,False,Corpus-associated marker only; never infer authorship from this term alone.,"Kobak et al., Science Advances 2025, supplementary repository excess_words.csv"
414,innovative,style,adjective,,corpus_monitoring_only,0.1,False,Corpus-associated marker only; never infer authorship from this term alone.,"Kobak et al., Science Advances 2025, supplementary repository excess_words.csv"
415,inquiries,style,noun,,corpus_monitoring_only,0.1,False,Corpus-associated marker only; never infer authorship from this term alone.,"Kobak et al., Science Advances 2025, supplementary repository excess_words.csv"
416,insights,style,noun,,context_sensitive_cluster_marker,0.4,False,Corpus-associated marker only; never infer authorship from this term alone.,"Kobak et al., Science Advances 2025, supplementary repository excess_words.csv"
417,integrates,style,verb,,corpus_monitoring_only,0.1,False,Corpus-associated marker only; never infer authorship from this term alone.,"Kobak et al., Science Advances 2025, supplementary repository excess_words.csv"
418,integrating,style,verb,,corpus_monitoring_only,0.1,False,Corpus-associated marker only; never infer authorship from this term alone.,"Kobak et al., Science Advances 2025, supplementary repository excess_words.csv"
419,integration,style,noun,,corpus_monitoring_only,0.1,False,Corpus-associated marker only; never infer authorship from this term alone.,"Kobak et al., Science Advances 2025, supplementary repository excess_words.csv"
420,interconnectedness,style,noun,,corpus_monitoring_only,0.1,False,Corpus-associated marker only; never infer authorship from this term alone.,"Kobak et al., Science Advances 2025, supplementary repository excess_words.csv"
421,interplay,style,noun,,corpus_monitoring_only,0.1,False,Corpus-associated marker only; never infer authorship from this term alone.,"Kobak et al., Science Advances 2025, supplementary repository excess_words.csv"
425,into,style,preposition,,corpus_monitoring_only,0.1,False,Corpus-associated marker only; never infer authorship from this term alone.,"Kobak et al., Science Advances 2025, supplementary repository excess_words.csv"
426,intricacies,style,noun,,high_cluster_marker,1.0,False,Corpus-associated marker only; never infer authorship from this term alone.,"Kobak et al., Science Advances 2025, supplementary repository excess_words.csv"
427,intricate,style,adjective,,high_cluster_marker,1.0,False,Corpus-associated marker only; never infer authorship from this term alone.,"Kobak et al., Science Advances 2025, supplementary repository excess_words.csv"
428,intricately,style,adverb,,high_cluster_marker,1.0,False,Corpus-associated marker only; never infer authorship from this term alone.,"Kobak et al., Science Advances 2025, supplementary repository excess_words.csv"
429,introduces,style,adjective,,corpus_monitoring_only,0.1,False,Corpus-associated marker only; never infer authorship from this term alone.,"Kobak et al., Science Advances 2025, supplementary repository excess_words.csv"
430,invaluable,style,adjective,,corpus_monitoring_only,0.1,False,Corpus-associated marker only; never infer authorship from this term alone.,"Kobak et al., Science Advances 2025, supplementary repository excess_words.csv"
431,investigates,style,verb,,corpus_monitoring_only,0.1,False,Corpus-associated marker only; never infer authorship from this term alone.,"Kobak et al., Science Advances 2025, supplementary repository excess_words.csv"
432,investigation,content/style,noun,“investigation” can be a synonym of “study” or “experiment” which is style,corpus_monitoring_only,0.1,False,Corpus-associated marker only; never infer authorship from this term alone.,"Kobak et al., Science Advances 2025, supplementary repository excess_words.csv"
434,involves,style,verb,,corpus_monitoring_only,0.1,False,Corpus-associated marker only; never infer authorship from this term alone.,"Kobak et al., Science Advances 2025, supplementary repository excess_words.csv"
435,involving,style,verb,,corpus_monitoring_only,0.1,False,Corpus-associated marker only; never infer authorship from this term alone.,"Kobak et al., Science Advances 2025, supplementary repository excess_words.csv"
438,juxtaposed,style,adjective,,corpus_monitoring_only,0.1,False,Corpus-associated marker only; never infer authorship from this term alone.,"Kobak et al., Science Advances 2025, supplementary repository excess_words.csv"
445,landscape,content/style,noun,can have technical meaning but also used as a style word,context_sensitive_cluster_marker,0.4,False,Corpus-associated marker only; never infer authorship from this term alone.,"Kobak et al., Science Advances 2025, supplementary repository excess_words.csv"
448,leading,style,verb,,corpus_monitoring_only,0.1,False,Corpus-associated marker only; never infer authorship from this term alone.,"Kobak et al., Science Advances 2025, supplementary repository excess_words.csv"
451,leverages,style,verb,,context_sensitive_cluster_marker,0.4,False,Corpus-associated marker only; never infer authorship from this term alone.,"Kobak et al., Science Advances 2025, supplementary repository excess_words.csv"
452,leveraging,style,verb,,context_sensitive_cluster_marker,0.4,False,Corpus-associated marker only; never infer authorship from this term alone.,"Kobak et al., Science Advances 2025, supplementary repository excess_words.csv"
454,lies,content/style,noun/verb,can be noun (plural from lie) or a verb (3rd person singular),corpus_monitoring_only,0.1,False,Corpus-associated marker only; never infer authorship from this term alone.,"Kobak et al., Science Advances 2025, supplementary repository excess_words.csv"
455,like,style,particle,,corpus_monitoring_only,0.1,False,Corpus-associated marker only; never infer authorship from this term alone.,"Kobak et al., Science Advances 2025, supplementary repository excess_words.csv"
456,limitations,style,noun,,corpus_monitoring_only,0.1,False,Corpus-associated marker only; never infer authorship from this term alone.,"Kobak et al., Science Advances 2025, supplementary repository excess_words.csv"
457,linked,style,verb,,corpus_monitoring_only,0.1,False,Corpus-associated marker only; never infer authorship from this term alone.,"Kobak et al., Science Advances 2025, supplementary repository excess_words.csv"
475,maintaining,style,verb,,corpus_monitoring_only,0.1,False,Corpus-associated marker only; never infer authorship from this term alone.,"Kobak et al., Science Advances 2025, supplementary repository excess_words.csv"
487,merges,style,verb,,corpus_monitoring_only,0.1,False,Corpus-associated marker only; never infer authorship from this term alone.,"Kobak et al., Science Advances 2025, supplementary repository excess_words.csv"
490,methodologies,style,noun,,corpus_monitoring_only,0.1,False,Corpus-associated marker only; never infer authorship from this term alone.,"Kobak et al., Science Advances 2025, supplementary repository excess_words.csv"
492,meticulous,style,adjective,,high_cluster_marker,1.0,False,Corpus-associated marker only; never infer authorship from this term alone.,"Kobak et al., Science Advances 2025, supplementary repository excess_words.csv"
493,meticulously,style,adverb,,high_cluster_marker,1.0,False,Corpus-associated marker only; never infer authorship from this term alone.,"Kobak et al., Science Advances 2025, supplementary repository excess_words.csv"
495,midst,style,preposition,,corpus_monitoring_only,0.1,False,Corpus-associated marker only; never infer authorship from this term alone.,"Kobak et al., Science Advances 2025, supplementary repository excess_words.csv"
496,minimizing,content/style,verb,can have technical and non-technical meanings,corpus_monitoring_only,0.1,False,Corpus-associated marker only; never infer authorship from this term alone.,"Kobak et al., Science Advances 2025, supplementary repository excess_words.csv"
498,mirroring,content/style,verb,can have technical and non-technical meanings,corpus_monitoring_only,0.1,False,Corpus-associated marker only; never infer authorship from this term alone.,"Kobak et al., Science Advances 2025, supplementary repository excess_words.csv"
509,modulating,content/style,verb,can have technical and non-technical meanings,corpus_monitoring_only,0.1,False,Corpus-associated marker only; never infer authorship from this term alone.,"Kobak et al., Science Advances 2025, supplementary repository excess_words.csv"
516,multifaceted,style,adjective,,high_cluster_marker,1.0,False,Corpus-associated marker only; never infer authorship from this term alone.,"Kobak et al., Science Advances 2025, supplementary repository excess_words.csv"
523,necessitate,style,verb,,corpus_monitoring_only,0.1,False,Corpus-associated marker only; never infer authorship from this term alone.,"Kobak et al., Science Advances 2025, supplementary repository excess_words.csv"
524,necessitates,style,verb,,corpus_monitoring_only,0.1,False,Corpus-associated marker only; never infer authorship from this term alone.,"Kobak et al., Science Advances 2025, supplementary repository excess_words.csv"
525,necessitating,style,verb,,corpus_monitoring_only,0.1,False,Corpus-associated marker only; never infer authorship from this term alone.,"Kobak et al., Science Advances 2025, supplementary repository excess_words.csv"
526,necessity,style,noun,,corpus_monitoring_only,0.1,False,Corpus-associated marker only; never infer authorship from this term alone.,"Kobak et al., Science Advances 2025, supplementary repository excess_words.csv"
527,need,style,verb,,corpus_monitoring_only,0.1,False,Corpus-associated marker only; never infer authorship from this term alone.,"Kobak et al., Science Advances 2025, supplementary repository excess_words.csv"
538,notable,style,adjective,,corpus_monitoring_only,0.1,False,Corpus-associated marker only; never infer authorship from this term alone.,"Kobak et al., Science Advances 2025, supplementary repository excess_words.csv"
539,notably,style,advebr,,context_sensitive_cluster_marker,0.4,False,Corpus-associated marker only; never infer authorship from this term alone.,"Kobak et al., Science Advances 2025, supplementary repository excess_words.csv"
540,noteworthy,style,adjective,,corpus_monitoring_only,0.1,False,Corpus-associated marker only; never infer authorship from this term alone.,"Kobak et al., Science Advances 2025, supplementary repository excess_words.csv"
542,nuanced,style,adjective,,high_cluster_marker,1.0,False,Corpus-associated marker only; never infer authorship from this term alone.,"Kobak et al., Science Advances 2025, supplementary repository excess_words.csv"
543,nuances,style,noun,,high_cluster_marker,1.0,False,Corpus-associated marker only; never infer authorship from this term alone.,"Kobak et al., Science Advances 2025, supplementary repository excess_words.csv"
545,observed,style,verb,,corpus_monitoring_only,0.1,False,Corpus-associated marker only; never infer authorship from this term alone.,"Kobak et al., Science Advances 2025, supplementary repository excess_words.csv"
546,offer,style,verb,,corpus_monitoring_only,0.1,False,Corpus-associated marker only; never infer authorship from this term alone.,"Kobak et al., Science Advances 2025, supplementary repository excess_words.csv"
547,offering,style,verb,,corpus_monitoring_only,0.1,False,Corpus-associated marker only; never infer authorship from this term alone.,"Kobak et al., Science Advances 2025, supplementary repository excess_words.csv"
548,offers,style,verb,,corpus_monitoring_only,0.1,False,Corpus-associated marker only; never infer authorship from this term alone.,"Kobak et al., Science Advances 2025, supplementary repository excess_words.csv"
554,optimizing,style,verb,,context_sensitive_cluster_marker,0.4,False,Corpus-associated marker only; never infer authorship from this term alone.,"Kobak et al., Science Advances 2025, supplementary repository excess_words.csv"
556,orchestrating,style,verb,,corpus_monitoring_only,0.1,False,Corpus-associated marker only; never infer authorship from this term alone.,"Kobak et al., Science Advances 2025, supplementary repository excess_words.csv"
558,originality,content/style,noun,,corpus_monitoring_only,0.1,False,Corpus-associated marker only; never infer authorship from this term alone.,"Kobak et al., Science Advances 2025, supplementary repository excess_words.csv"
560,outcomes,style,noun,,corpus_monitoring_only,0.1,False,Corpus-associated marker only; never infer authorship from this term alone.,"Kobak et al., Science Advances 2025, supplementary repository excess_words.csv"
561,outlines,style,verb,,corpus_monitoring_only,0.1,False,Corpus-associated marker only; never infer authorship from this term alone.,"Kobak et al., Science Advances 2025, supplementary repository excess_words.csv"
563,overlook,style,verb,,corpus_monitoring_only,0.1,False,Corpus-associated marker only; never infer authorship from this term alone.,"Kobak et al., Science Advances 2025, supplementary repository excess_words.csv"
564,overlooking,style,verb,,corpus_monitoring_only,0.1,False,Corpus-associated marker only; never infer authorship from this term alone.,"Kobak et al., Science Advances 2025, supplementary repository excess_words.csv"
566,overwhelmed,style,verb,,corpus_monitoring_only,0.1,False,Corpus-associated marker only; never infer authorship from this term alone.,"Kobak et al., Science Advances 2025, supplementary repository excess_words.csv"
570,particularly,style,adverb,,context_sensitive_cluster_marker,0.4,False,Corpus-associated marker only; never infer authorship from this term alone.,"Kobak et al., Science Advances 2025, supplementary repository excess_words.csv"
573,paving,style,verb,,corpus_monitoring_only,0.1,False,Corpus-associated marker only; never infer authorship from this term alone.,"Kobak et al., Science Advances 2025, supplementary repository excess_words.csv"
578,persist,style,verb,,corpus_monitoring_only,0.1,False,Corpus-associated marker only; never infer authorship from this term alone.,"Kobak et al., Science Advances 2025, supplementary repository excess_words.csv"
585,pinpoint,style,verb,,corpus_monitoring_only,0.1,False,Corpus-associated marker only; never infer authorship from this term alone.,"Kobak et al., Science Advances 2025, supplementary repository excess_words.csv"
586,pinpointed,style,verb,,corpus_monitoring_only,0.1,False,Corpus-associated marker only; never infer authorship from this term alone.,"Kobak et al., Science Advances 2025, supplementary repository excess_words.csv"
587,pinpointing,style,verb,,corpus_monitoring_only,0.1,False,Corpus-associated marker only; never infer authorship from this term alone.,"Kobak et al., Science Advances 2025, supplementary repository excess_words.csv"
588,pioneering,style,verb,,corpus_monitoring_only,0.1,False,Corpus-associated marker only; never infer authorship from this term alone.,"Kobak et al., Science Advances 2025, supplementary repository excess_words.csv"
589,pioneers,style,noun,,corpus_monitoring_only,0.1,False,Corpus-associated marker only; never infer authorship from this term alone.,"Kobak et al., Science Advances 2025, supplementary repository excess_words.csv"
590,pivotal,style,adjective,,high_cluster_marker,1.0,False,Corpus-associated marker only; never infer authorship from this term alone.,"Kobak et al., Science Advances 2025, supplementary repository excess_words.csv"
594,poised,style,verb,,corpus_monitoring_only,0.1,False,Corpus-associated marker only; never infer authorship from this term alone.,"Kobak et al., Science Advances 2025, supplementary repository excess_words.csv"
598,pose,style,verb,,corpus_monitoring_only,0.1,False,Corpus-associated marker only; never infer authorship from this term alone.,"Kobak et al., Science Advances 2025, supplementary repository excess_words.csv"
599,posed,style,verb,,corpus_monitoring_only,0.1,False,Corpus-associated marker only; never infer authorship from this term alone.,"Kobak et al., Science Advances 2025, supplementary repository excess_words.csv"
600,poses,style,verb,,corpus_monitoring_only,0.1,False,Corpus-associated marker only; never infer authorship from this term alone.,"Kobak et al., Science Advances 2025, supplementary repository excess_words.csv"
601,posing,style,verb,,corpus_monitoring_only,0.1,False,Corpus-associated marker only; never infer authorship from this term alone.,"Kobak et al., Science Advances 2025, supplementary repository excess_words.csv"
602,postponed,style,verb,,corpus_monitoring_only,0.1,False,Corpus-associated marker only; never infer authorship from this term alone.,"Kobak et al., Science Advances 2025, supplementary repository excess_words.csv"
603,potential,style,adjective,,context_sensitive_cluster_marker,0.4,False,Corpus-associated marker only; never infer authorship from this term alone.,"Kobak et al., Science Advances 2025, supplementary repository excess_words.csv"
604,potentially,style,adverb,,context_sensitive_cluster_marker,0.4,False,Corpus-associated marker only; never infer authorship from this term alone.,"Kobak et al., Science Advances 2025, supplementary repository excess_words.csv"
607,precise,style,adjective,,corpus_monitoring_only,0.1,False,Corpus-associated marker only; never infer authorship from this term alone.,"Kobak et al., Science Advances 2025, supplementary repository excess_words.csv"
608,predominantly,style,adverb,,corpus_monitoring_only,0.1,False,Corpus-associated marker only; never infer authorship from this term alone.,"Kobak et al., Science Advances 2025, supplementary repository excess_words.csv"
611,presents,style,verb,,corpus_monitoring_only,0.1,False,Corpus-associated marker only; never infer authorship from this term alone.,"Kobak et al., Science Advances 2025, supplementary repository excess_words.csv"
612,preserving,style,verb,,corpus_monitoring_only,0.1,False,Corpus-associated marker only; never infer authorship from this term alone.,"Kobak et al., Science Advances 2025, supplementary repository excess_words.csv"
613,pressing,style,adjective,,corpus_monitoring_only,0.1,False,Corpus-associated marker only; never infer authorship from this term alone.,"Kobak et al., Science Advances 2025, supplementary repository excess_words.csv"
616,prevalent,style,adjective,,corpus_monitoring_only,0.1,False,Corpus-associated marker only; never infer authorship from this term alone.,"Kobak et al., Science Advances 2025, supplementary repository excess_words.csv"
617,primarily,style,adverb,,corpus_monitoring_only,0.1,False,Corpus-associated marker only; never infer authorship from this term alone.,"Kobak et al., Science Advances 2025, supplementary repository excess_words.csv"
618,primary,style,adjective,,corpus_monitoring_only,0.1,False,Corpus-associated marker only; never infer authorship from this term alone.,"Kobak et al., Science Advances 2025, supplementary repository excess_words.csv"
621,prioritize,content/style,verb,"edge case -- ""vaccine prioritizations""",corpus_monitoring_only,0.1,False,Corpus-associated marker only; never infer authorship from this term alone.,"Kobak et al., Science Advances 2025, supplementary repository excess_words.csv"
622,prioritizes,content/style,verb,,corpus_monitoring_only,0.1,False,Corpus-associated marker only; never infer authorship from this term alone.,"Kobak et al., Science Advances 2025, supplementary repository excess_words.csv"
623,prioritizing,content/style,verb,,corpus_monitoring_only,0.1,False,Corpus-associated marker only; never infer authorship from this term alone.,"Kobak et al., Science Advances 2025, supplementary repository excess_words.csv"
625,prominence,content/style,noun,"""linguistic prominence"" and some other terms",corpus_monitoring_only,0.1,False,Corpus-associated marker only; never infer authorship from this term alone.,"Kobak et al., Science Advances 2025, supplementary repository excess_words.csv"
626,promise,style,verb,,corpus_monitoring_only,0.1,False,Corpus-associated marker only; never infer authorship from this term alone.,"Kobak et al., Science Advances 2025, supplementary repository excess_words.csv"
627,promising,style,verb,,corpus_monitoring_only,0.1,False,Corpus-associated marker only; never infer authorship from this term alone.,"Kobak et al., Science Advances 2025, supplementary repository excess_words.csv"
628,prompting,content/style,verb,can be about LLM prompts,corpus_monitoring_only,0.1,False,Corpus-associated marker only; never infer authorship from this term alone.,"Kobak et al., Science Advances 2025, supplementary repository excess_words.csv"
631,pronounced,style,adjective,,corpus_monitoring_only,0.1,False,Corpus-associated marker only; never infer authorship from this term alone.,"Kobak et al., Science Advances 2025, supplementary repository excess_words.csv"
632,propelling,style,verb,,corpus_monitoring_only,0.1,False,Corpus-associated marker only; never infer authorship from this term alone.,"Kobak et al., Science Advances 2025, supplementary repository excess_words.csv"
634,providing,style,verb,,corpus_monitoring_only,0.1,False,Corpus-associated marker only; never infer authorship from this term alone.,"Kobak et al., Science Advances 2025, supplementary repository excess_words.csv"
651,realizes,style,verb,,corpus_monitoring_only,0.1,False,Corpus-associated marker only; never infer authorship from this term alone.,"Kobak et al., Science Advances 2025, supplementary repository excess_words.csv"
652,realm,style,noun,,high_cluster_marker,1.0,False,Corpus-associated marker only; never infer authorship from this term alone.,"Kobak et al., Science Advances 2025, supplementary repository excess_words.csv"
653,realms,style,noun,,high_cluster_marker,1.0,False,Corpus-associated marker only; never infer authorship from this term alone.,"Kobak et al., Science Advances 2025, supplementary repository excess_words.csv"
654,recognizing,style,verb,,corpus_monitoring_only,0.1,False,Corpus-associated marker only; never infer authorship from this term alone.,"Kobak et al., Science Advances 2025, supplementary repository excess_words.csv"
656,refine,style,verb,,corpus_monitoring_only,0.1,False,Corpus-associated marker only; never infer authorship from this term alone.,"Kobak et al., Science Advances 2025, supplementary repository excess_words.csv"
657,refines,style,verb,,corpus_monitoring_only,0.1,False,Corpus-associated marker only; never infer authorship from this term alone.,"Kobak et al., Science Advances 2025, supplementary repository excess_words.csv"
658,refining,style,verb,,corpus_monitoring_only,0.1,False,Corpus-associated marker only; never infer authorship from this term alone.,"Kobak et al., Science Advances 2025, supplementary repository excess_words.csv"
659,reframing,style,verb,,corpus_monitoring_only,0.1,False,Corpus-associated marker only; never infer authorship from this term alone.,"Kobak et al., Science Advances 2025, supplementary repository excess_words.csv"
662,reliance,content/style,noun,can have technical and non-technical meanings,corpus_monitoring_only,0.1,False,Corpus-associated marker only; never infer authorship from this term alone.,"Kobak et al., Science Advances 2025, supplementary repository excess_words.csv"
663,remains,style,verb,,corpus_monitoring_only,0.1,False,Corpus-associated marker only; never infer authorship from this term alone.,"Kobak et al., Science Advances 2025, supplementary repository excess_words.csv"
664,remarkable,style,adjective,,corpus_monitoring_only,0.1,False,Corpus-associated marker only; never infer authorship from this term alone.,"Kobak et al., Science Advances 2025, supplementary repository excess_words.csv"
666,remotely,content/style,adjective,,corpus_monitoring_only,0.1,False,Corpus-associated marker only; never infer authorship from this term alone.,"Kobak et al., Science Advances 2025, supplementary repository excess_words.csv"
667,renowned,style,adjective,,corpus_monitoring_only,0.1,False,Corpus-associated marker only; never infer authorship from this term alone.,"Kobak et al., Science Advances 2025, supplementary repository excess_words.csv"
670,research,style,noun,,corpus_monitoring_only,0.1,False,Corpus-associated marker only; never infer authorship from this term alone.,"Kobak et al., Science Advances 2025, supplementary repository excess_words.csv"
676,resulting,style,verb,,corpus_monitoring_only,0.1,False,Corpus-associated marker only; never infer authorship from this term alone.,"Kobak et al., Science Advances 2025, supplementary repository excess_words.csv"
677,resuming,content/style,verb,can relate to covid pandemic,corpus_monitoring_only,0.1,False,Corpus-associated marker only; never infer authorship from this term alone.,"Kobak et al., Science Advances 2025, supplementary repository excess_words.csv"
678,rethink,style,verb,,corpus_monitoring_only,0.1,False,Corpus-associated marker only; never infer authorship from this term alone.,"Kobak et al., Science Advances 2025, supplementary repository excess_words.csv"
680,revealed,style,verb,,corpus_monitoring_only,0.1,False,Corpus-associated marker only; never infer authorship from this term alone.,"Kobak et al., Science Advances 2025, supplementary repository excess_words.csv"
681,revealing,style,verb,,corpus_monitoring_only,0.1,False,Corpus-associated marker only; never infer authorship from this term alone.,"Kobak et al., Science Advances 2025, supplementary repository excess_words.csv"
682,reveals,style,verb,,corpus_monitoring_only,0.1,False,Corpus-associated marker only; never infer authorship from this term alone.,"Kobak et al., Science Advances 2025, supplementary repository excess_words.csv"
684,revolutionize,style,verb,,corpus_monitoring_only,0.1,False,Corpus-associated marker only; never infer authorship from this term alone.,"Kobak et al., Science Advances 2025, supplementary repository excess_words.csv"
685,revolutionizing,style,verb,,corpus_monitoring_only,0.1,False,Corpus-associated marker only; never infer authorship from this term alone.,"Kobak et al., Science Advances 2025, supplementary repository excess_words.csv"
686,revolves,style,verb,,corpus_monitoring_only,0.1,False,Corpus-associated marker only; never infer authorship from this term alone.,"Kobak et al., Science Advances 2025, supplementary repository excess_words.csv"
690,role,style,noun,,corpus_monitoring_only,0.1,False,Corpus-associated marker only; never infer authorship from this term alone.,"Kobak et al., Science Advances 2025, supplementary repository excess_words.csv"
703,scrutinize,style,verb,,corpus_monitoring_only,0.1,False,Corpus-associated marker only; never infer authorship from this term alone.,"Kobak et al., Science Advances 2025, supplementary repository excess_words.csv"
704,scrutinized,style,verb,,corpus_monitoring_only,0.1,False,Corpus-associated marker only; never infer authorship from this term alone.,"Kobak et al., Science Advances 2025, supplementary repository excess_words.csv"
705,scrutinizing,style,verb,,corpus_monitoring_only,0.1,False,Corpus-associated marker only; never infer authorship from this term alone.,"Kobak et al., Science Advances 2025, supplementary repository excess_words.csv"
707,seamless,style,adjective,,high_cluster_marker,1.0,False,Corpus-associated marker only; never infer authorship from this term alone.,"Kobak et al., Science Advances 2025, supplementary repository excess_words.csv"
708,seamlessly,style,adverb,,high_cluster_marker,1.0,False,Corpus-associated marker only; never infer authorship from this term alone.,"Kobak et al., Science Advances 2025, supplementary repository excess_words.csv"
709,seeks,style,verb,,corpus_monitoring_only,0.1,False,Corpus-associated marker only; never infer authorship from this term alone.,"Kobak et al., Science Advances 2025, supplementary repository excess_words.csv"
712,serves,style,verb,,corpus_monitoring_only,0.1,False,Corpus-associated marker only; never infer authorship from this term alone.,"Kobak et al., Science Advances 2025, supplementary repository excess_words.csv"
713,serving,style,verb,,corpus_monitoring_only,0.1,False,Corpus-associated marker only; never infer authorship from this term alone.,"Kobak et al., Science Advances 2025, supplementary repository excess_words.csv"
717,shaping,style,verb,,corpus_monitoring_only,0.1,False,Corpus-associated marker only; never infer authorship from this term alone.,"Kobak et al., Science Advances 2025, supplementary repository excess_words.csv"
719,shedding,style,verb,,corpus_monitoring_only,0.1,False,Corpus-associated marker only; never infer authorship from this term alone.,"Kobak et al., Science Advances 2025, supplementary repository excess_words.csv"
723,showcased,style,verb,,high_cluster_marker,1.0,False,Corpus-associated marker only; never infer authorship from this term alone.,"Kobak et al., Science Advances 2025, supplementary repository excess_words.csv"
724,showcases,style,verb,,high_cluster_marker,1.0,False,Corpus-associated marker only; never infer authorship from this term alone.,"Kobak et al., Science Advances 2025, supplementary repository excess_words.csv"
725,showcasing,style,verb,,high_cluster_marker,1.0,False,Corpus-associated marker only; never infer authorship from this term alone.,"Kobak et al., Science Advances 2025, supplementary repository excess_words.csv"
728,significant,content/style,adjective,"can mean ""statistically significant"" but not necessarily",context_sensitive_cluster_marker,0.4,False,Corpus-associated marker only; never infer authorship from this term alone.,"Kobak et al., Science Advances 2025, supplementary repository excess_words.csv"
729,signifying,style,verb,,corpus_monitoring_only,0.1,False,Corpus-associated marker only; never infer authorship from this term alone.,"Kobak et al., Science Advances 2025, supplementary repository excess_words.csv"
735,solidify,style,verb,,corpus_monitoring_only,0.1,False,Corpus-associated marker only; never infer authorship from this term alone.,"Kobak et al., Science Advances 2025, supplementary repository excess_words.csv"
738,spanned,style,verb,,corpus_monitoring_only,0.1,False,Corpus-associated marker only; never infer authorship from this term alone.,"Kobak et al., Science Advances 2025, supplementary repository excess_words.csv"
739,spanning,style,verb,,corpus_monitoring_only,0.1,False,Corpus-associated marker only; never infer authorship from this term alone.,"Kobak et al., Science Advances 2025, supplementary repository excess_words.csv"
741,specifically,style,adverb,,corpus_monitoring_only,0.1,False,Corpus-associated marker only; never infer authorship from this term alone.,"Kobak et al., Science Advances 2025, supplementary repository excess_words.csv"
745,spurred,style,verb,,corpus_monitoring_only,0.1,False,Corpus-associated marker only; never infer authorship from this term alone.,"Kobak et al., Science Advances 2025, supplementary repository excess_words.csv"
748,standardizing,style/content,verb,can have technical and non-technical meanings,corpus_monitoring_only,0.1,False,Corpus-associated marker only; never infer authorship from this term alone.,"Kobak et al., Science Advances 2025, supplementary repository excess_words.csv"
749,stands,style,verb,,corpus_monitoring_only,0.1,False,Corpus-associated marker only; never infer authorship from this term alone.,"Kobak et al., Science Advances 2025, supplementary repository excess_words.csv"
751,statement,style,noun,,corpus_monitoring_only,0.1,False,Corpus-associated marker only; never infer authorship from this term alone.,"Kobak et al., Science Advances 2025, supplementary repository excess_words.csv"
753,stemming,style,verb,,corpus_monitoring_only,0.1,False,Corpus-associated marker only; never infer authorship from this term alone.,"Kobak et al., Science Advances 2025, supplementary repository excess_words.csv"
755,strategically,style,adjective,,corpus_monitoring_only,0.1,False,Corpus-associated marker only; never infer authorship from this term alone.,"Kobak et al., Science Advances 2025, supplementary repository excess_words.csv"
756,strategies,style,noun,,corpus_monitoring_only,0.1,False,Corpus-associated marker only; never infer authorship from this term alone.,"Kobak et al., Science Advances 2025, supplementary repository excess_words.csv"
757,streamline,style,verb,,corpus_monitoring_only,0.1,False,Corpus-associated marker only; never infer authorship from this term alone.,"Kobak et al., Science Advances 2025, supplementary repository excess_words.csv"
758,streamlined,style,verb,,corpus_monitoring_only,0.1,False,Corpus-associated marker only; never infer authorship from this term alone.,"Kobak et al., Science Advances 2025, supplementary repository excess_words.csv"
759,streamlines,style,verb,,corpus_monitoring_only,0.1,False,Corpus-associated marker only; never infer authorship from this term alone.,"Kobak et al., Science Advances 2025, supplementary repository excess_words.csv"
760,streamlining,style,verb,,corpus_monitoring_only,0.1,False,Corpus-associated marker only; never infer authorship from this term alone.,"Kobak et al., Science Advances 2025, supplementary repository excess_words.csv"
764,struggle,style,verb,,corpus_monitoring_only,0.1,False,Corpus-associated marker only; never infer authorship from this term alone.,"Kobak et al., Science Advances 2025, supplementary repository excess_words.csv"
767,subsequently,style,adverb,,corpus_monitoring_only,0.1,False,Corpus-associated marker only; never infer authorship from this term alone.,"Kobak et al., Science Advances 2025, supplementary repository excess_words.csv"
768,substantial,style,adjective,,corpus_monitoring_only,0.1,False,Corpus-associated marker only; never infer authorship from this term alone.,"Kobak et al., Science Advances 2025, supplementary repository excess_words.csv"
769,substantiated,style,verb,,corpus_monitoring_only,0.1,False,Corpus-associated marker only; never infer authorship from this term alone.,"Kobak et al., Science Advances 2025, supplementary repository excess_words.csv"
770,substantiates,style,verb,,corpus_monitoring_only,0.1,False,Corpus-associated marker only; never infer authorship from this term alone.,"Kobak et al., Science Advances 2025, supplementary repository excess_words.csv"
773,surged,style,verb,,corpus_monitoring_only,0.1,False,Corpus-associated marker only; never infer authorship from this term alone.,"Kobak et al., Science Advances 2025, supplementary repository excess_words.csv"
774,surmount,style,verb,,corpus_monitoring_only,0.1,False,Corpus-associated marker only; never infer authorship from this term alone.,"Kobak et al., Science Advances 2025, supplementary repository excess_words.csv"
775,surpass,style,verb,,corpus_monitoring_only,0.1,False,Corpus-associated marker only; never infer authorship from this term alone.,"Kobak et al., Science Advances 2025, supplementary repository excess_words.csv"
776,surpassed,style,verb,,corpus_monitoring_only,0.1,False,Corpus-associated marker only; never infer authorship from this term alone.,"Kobak et al., Science Advances 2025, supplementary repository excess_words.csv"
777,surpasses,style,verb,,corpus_monitoring_only,0.1,False,Corpus-associated marker only; never infer authorship from this term alone.,"Kobak et al., Science Advances 2025, supplementary repository excess_words.csv"
778,surpassing,style,verb,,corpus_monitoring_only,0.1,False,Corpus-associated marker only; never infer authorship from this term alone.,"Kobak et al., Science Advances 2025, supplementary repository excess_words.csv"
781,swift,style,adjective,,corpus_monitoring_only,0.1,False,Corpus-associated marker only; never infer authorship from this term alone.,"Kobak et al., Science Advances 2025, supplementary repository excess_words.csv"
782,swiftly,style,adverb,,corpus_monitoring_only,0.1,False,Corpus-associated marker only; never infer authorship from this term alone.,"Kobak et al., Science Advances 2025, supplementary repository excess_words.csv"
787,synthesizes,style/content,verb,can have technical and non-technical meanings,corpus_monitoring_only,0.1,False,Corpus-associated marker only; never infer authorship from this term alone.,"Kobak et al., Science Advances 2025, supplementary repository excess_words.csv"
793,techniques,style,noun,,corpus_monitoring_only,0.1,False,Corpus-associated marker only; never infer authorship from this term alone.,"Kobak et al., Science Advances 2025, supplementary repository excess_words.csv"
797,their,style,pronoun,,corpus_monitoring_only,0.1,False,Corpus-associated marker only; never infer authorship from this term alone.,"Kobak et al., Science Advances 2025, supplementary repository excess_words.csv"
800,thereby,style,adverb,,corpus_monitoring_only,0.1,False,Corpus-associated marker only; never infer authorship from this term alone.,"Kobak et al., Science Advances 2025, supplementary repository excess_words.csv"
801,these,style,pronoun,,corpus_monitoring_only,0.1,False,Corpus-associated marker only; never infer authorship from this term alone.,"Kobak et al., Science Advances 2025, supplementary repository excess_words.csv"
802,this,style,pronoun,,corpus_monitoring_only,0.1,False,Corpus-associated marker only; never infer authorship from this term alone.,"Kobak et al., Science Advances 2025, supplementary repository excess_words.csv"
803,thorough,style,adjective,,corpus_monitoring_only,0.1,False,Corpus-associated marker only; never infer authorship from this term alone.,"Kobak et al., Science Advances 2025, supplementary repository excess_words.csv"
804,through,style,preposition,,corpus_monitoring_only,0.1,False,Corpus-associated marker only; never infer authorship from this term alone.,"Kobak et al., Science Advances 2025, supplementary repository excess_words.csv"
813,transformative,style,adjective,,high_cluster_marker,1.0,False,Corpus-associated marker only; never infer authorship from this term alone.,"Kobak et al., Science Advances 2025, supplementary repository excess_words.csv"
827,typically,style,adverb,,corpus_monitoring_only,0.1,False,Corpus-associated marker only; never infer authorship from this term alone.,"Kobak et al., Science Advances 2025, supplementary repository excess_words.csv"
829,ultimately,style,adverb,,corpus_monitoring_only,0.1,False,Corpus-associated marker only; never infer authorship from this term alone.,"Kobak et al., Science Advances 2025, supplementary repository excess_words.csv"
830,uncharted,style,adjective,,corpus_monitoring_only,0.1,False,Corpus-associated marker only; never infer authorship from this term alone.,"Kobak et al., Science Advances 2025, supplementary repository excess_words.csv"
831,uncovering,style,verb,,corpus_monitoring_only,0.1,False,Corpus-associated marker only; never infer authorship from this term alone.,"Kobak et al., Science Advances 2025, supplementary repository excess_words.csv"
832,underexplored,style,verb,,corpus_monitoring_only,0.1,False,Corpus-associated marker only; never infer authorship from this term alone.,"Kobak et al., Science Advances 2025, supplementary repository excess_words.csv"
833,underscore,style,verb,,high_cluster_marker,1.0,False,Corpus-associated marker only; never infer authorship from this term alone.,"Kobak et al., Science Advances 2025, supplementary repository excess_words.csv"
834,underscored,style,verb,,high_cluster_marker,1.0,False,Corpus-associated marker only; never infer authorship from this term alone.,"Kobak et al., Science Advances 2025, supplementary repository excess_words.csv"
835,underscores,style,verb,,high_cluster_marker,1.0,False,Corpus-associated marker only; never infer authorship from this term alone.,"Kobak et al., Science Advances 2025, supplementary repository excess_words.csv"
836,underscoring,style,verb,,high_cluster_marker,1.0,False,Corpus-associated marker only; never infer authorship from this term alone.,"Kobak et al., Science Advances 2025, supplementary repository excess_words.csv"
837,understanding,style,verb,,corpus_monitoring_only,0.1,False,Corpus-associated marker only; never infer authorship from this term alone.,"Kobak et al., Science Advances 2025, supplementary repository excess_words.csv"
838,unexplored,style,adjective,,corpus_monitoring_only,0.1,False,Corpus-associated marker only; never infer authorship from this term alone.,"Kobak et al., Science Advances 2025, supplementary repository excess_words.csv"
839,unlocking,style,verb,,corpus_monitoring_only,0.1,False,Corpus-associated marker only; never infer authorship from this term alone.,"Kobak et al., Science Advances 2025, supplementary repository excess_words.csv"
840,unparalleled,style,adjective,,corpus_monitoring_only,0.1,False,Corpus-associated marker only; never infer authorship from this term alone.,"Kobak et al., Science Advances 2025, supplementary repository excess_words.csv"
841,unraveling,style,verb,,corpus_monitoring_only,0.1,False,Corpus-associated marker only; never infer authorship from this term alone.,"Kobak et al., Science Advances 2025, supplementary repository excess_words.csv"
843,unveil,style,verb,,corpus_monitoring_only,0.1,False,Corpus-associated marker only; never infer authorship from this term alone.,"Kobak et al., Science Advances 2025, supplementary repository excess_words.csv"
844,unveiled,style,verb,,corpus_monitoring_only,0.1,False,Corpus-associated marker only; never infer authorship from this term alone.,"Kobak et al., Science Advances 2025, supplementary repository excess_words.csv"
845,unveiling,style,verb,,corpus_monitoring_only,0.1,False,Corpus-associated marker only; never infer authorship from this term alone.,"Kobak et al., Science Advances 2025, supplementary repository excess_words.csv"
846,unveils,style,verb,,corpus_monitoring_only,0.1,False,Corpus-associated marker only; never infer authorship from this term alone.,"Kobak et al., Science Advances 2025, supplementary repository excess_words.csv"
848,uphold,style,verb,,corpus_monitoring_only,0.1,False,Corpus-associated marker only; never infer authorship from this term alone.,"Kobak et al., Science Advances 2025, supplementary repository excess_words.csv"
849,upholding,style,verb,,corpus_monitoring_only,0.1,False,Corpus-associated marker only; never infer authorship from this term alone.,"Kobak et al., Science Advances 2025, supplementary repository excess_words.csv"
850,urging,style,verb,,corpus_monitoring_only,0.1,False,Corpus-associated marker only; never infer authorship from this term alone.,"Kobak et al., Science Advances 2025, supplementary repository excess_words.csv"
851,using,style,verb,,corpus_monitoring_only,0.1,False,Corpus-associated marker only; never infer authorship from this term alone.,"Kobak et al., Science Advances 2025, supplementary repository excess_words.csv"
852,utilized,style,verb,,corpus_monitoring_only,0.1,False,Corpus-associated marker only; never infer authorship from this term alone.,"Kobak et al., Science Advances 2025, supplementary repository excess_words.csv"
853,utilizes,style,verb,,corpus_monitoring_only,0.1,False,Corpus-associated marker only; never infer authorship from this term alone.,"Kobak et al., Science Advances 2025, supplementary repository excess_words.csv"
854,utilizing,style,verb,,corpus_monitoring_only,0.1,False,Corpus-associated marker only; never infer authorship from this term alone.,"Kobak et al., Science Advances 2025, supplementary repository excess_words.csv"
862,valuable,style,adjective,,corpus_monitoring_only,0.1,False,Corpus-associated marker only; never infer authorship from this term alone.,"Kobak et al., Science Advances 2025, supplementary repository excess_words.csv"
865,various,style,adjective,,corpus_monitoring_only,0.1,False,Corpus-associated marker only; never infer authorship from this term alone.,"Kobak et al., Science Advances 2025, supplementary repository excess_words.csv"
866,varying,style,verb,,corpus_monitoring_only,0.1,False,Corpus-associated marker only; never infer authorship from this term alone.,"Kobak et al., Science Advances 2025, supplementary repository excess_words.csv"
870,verifies,style,verb,,corpus_monitoring_only,0.1,False,Corpus-associated marker only; never infer authorship from this term alone.,"Kobak et al., Science Advances 2025, supplementary repository excess_words.csv"
871,versatility,style,noun,,corpus_monitoring_only,0.1,False,Corpus-associated marker only; never infer authorship from this term alone.,"Kobak et al., Science Advances 2025, supplementary repository excess_words.csv"
877,wandering,style,verb,,corpus_monitoring_only,0.1,False,Corpus-associated marker only; never infer authorship from this term alone.,"Kobak et al., Science Advances 2025, supplementary repository excess_words.csv"
880,warranting,style,verb,,corpus_monitoring_only,0.1,False,Corpus-associated marker only; never infer authorship from this term alone.,"Kobak et al., Science Advances 2025, supplementary repository excess_words.csv"
883,were,style,verb,,corpus_monitoring_only,0.1,False,Corpus-associated marker only; never infer authorship from this term alone.,"Kobak et al., Science Advances 2025, supplementary repository excess_words.csv"
886,while,style,preposition,,corpus_monitoring_only,0.1,False,Corpus-associated marker only; never infer authorship from this term alone.,"Kobak et al., Science Advances 2025, supplementary repository excess_words.csv"
888,within,style,adverb,,context_sensitive_cluster_marker,0.4,False,Corpus-associated marker only; never infer authorship from this term alone.,"Kobak et al., Science Advances 2025, supplementary repository excess_words.csv"
894,yielding,style,verb,,corpus_monitoring_only,0.1,False,Corpus-associated marker only; never infer authorship from this term alone.,"Kobak et al., Science Advances 2025, supplementary repository excess_words.csv"
